product_name,price_raw,product_url,scraped_at
КОРОТКОЕ ПЛАТЬЕ АСИММЕТРИЧНОГО КРОЯ СО СТРАЗАМИ,"T 75 990,00",https://www.zara.com/kz/ru/%D0%BA%D0%BE%D1%80%D0%BE%D1%82%D0%BA%D0%BE%D0%B5-%D0%BF%D0%BB%D0%B0%D1%82%D1%8C%D0%B5-%D0%B0%D1%81%D0%B8%D0%BC%D0%BC%D0%B5%D1%82%D1%80%D0%B8%D1%87%D0%BD%D0%BE%D0%B3%D0%BE-%D0%BA%D1%80%D0%BE%D1%8F-%D1%81%D0%BE-%D1%81%D1%82%D1%80%D0%B0%D0%B7%D0%B0%D0%BC%D0%B8-p04772259.html,2025-12-02T13:11:18
КОРОТКОЕ БАРХАТНОЕ ПЛАТЬЕ С ПОДПЛЕЧНИКАМИ,"T 24 990,00",https://www.zara.com/kz/ru/%D0%BA%D0%BE%D1%80%D0%BE%D1%82%D0%BA%D0%BE%D0%B5-%D0%B1%D0%B0%D1%80%D1%85%D0%B0%D1%82%D0%BD%D0%BE%D0%B5-%D0%BF%D0%BB%D0%B0%D1%82%D1%8C%D0%B5-%D1%81-%D0%BF%D0%BE%D0%B4%D0%BF%D0%BB%D0%B5%D1%87%D0%BD%D0%B8%D0%BA%D0%B0%D0%BC%D0%B8-p03152285.html,2025-12-02T13:11:18
ВЫШИТОЕ ПЛАТЬЕ ZW COLLECTION LIMITED EDITION,"T 75 990,00",https://www.zara.com/kz/ru/%D0%B2%D1%8B%D1%88%D0%B8%D1%82%D0%BE%D0%B5-%D0%BF%D0%BB%D0%B0%D1%82%D1%8C%D0%B5-zw-collection-limited-edition-p07521288.html,2025-12-02T13:11:18
ПЛАТЬЕ МИДИ С ПАЙЕТКАМИ И БАХРОМОЙ — ZW COLLECTION LIMITED EDITION,"T 79 990,00",https://www.zara.com/kz/ru/%D0%BF%D0%BB%D0%B0%D1%82%D1%8C%D0%B5-%D0%BC%D0%B8%D0%B4%D0%B8-%D1%81-%D0%BF%D0%B0%D0%B8%D0%B5%D1%82%D0%BA%D0%B0%D0%BC%D0%B8-%D0%B8-%D0%B1%D0%B0%D1%85%D1%80%D0%BE%D0%BC%D0%BE%D0%B8-%E2%80%94-zw-collection-limited-edition-p04831241.html,2025-12-02T13:11:18
АТЛАСНОЕ ПЛАТЬЕ С КРУЖЕВОМ — ZW COLLECTION LIMITED EDITION,"T 55 990,00",https://www.zara.com/kz/ru/%D0%B0%D1%82%D0%BB%D0%B0%D1%81%D0%BD%D0%BE%D0%B5-%D0%BF%D0%BB%D0%B0%D1%82%D1%8C%D0%B5-%D1%81-%D0%BA%D1%80%D1%83%D0%B6%D0%B5%D0%B2%D0%BE%D0%BC-%E2%80%94-zw-collection-limited-edition-p05919214.html,2025-12-02T13:11:18
АТЛАСНОЕ ПЛАТЬЕ СО СБОРКАМИ,"T 65 990,00",https://www.zara.com/kz/ru/%D0%B0%D1%82%D0%BB%D0%B0%D1%81%D0%BD%D0%BE%D0%B5-%D0%BF%D0%BB%D0%B0%D1%82%D1%8C%D0%B5-%D1%81%D0%BE-%D1%81%D0%B1%D0%BE%D1%80%D0%BA%D0%B0%D0%BC%D0%B8-p05919625.html,2025-12-02T13:11:18
КОРОТКОЕ КОМБИНИРОВАННОЕ ПЛАТЬЕ ИЗ СЕТЧАТОЙ ТКАНИ,"T 24 990,00",https://www.zara.com/kz/ru/%D0%BA%D0%BE%D1%80%D0%BE%D1%82%D0%BA%D0%BE%D0%B5-%D0%BA%D0%BE%D0%BC%D0%B1%D0%B8%D0%BD%D0%B8%D1%80%D0%BE%D0%B2%D0%B0%D0%BD%D0%BD%D0%BE%D0%B5-%D0%BF%D0%BB%D0%B0%D1%82%D1%8C%D0%B5-%D0%B8%D0%B7-%D1%81%D0%B5%D1%82%D1%87%D0%B0%D1%82%D0%BE%D0%B8-%D1%82%D0%BA%D0%B0%D0%BD%D0%B8-p03067260.html,2025-12-02T13:11:18
БАРХАТНОЕ ПЛАТЬЕ АСИММЕТРИЧНОГО КРОЯ С КРУЖЕВОМ,"T 28 990,00",https://www.zara.com/kz/ru/%D0%B1%D0%B0%D1%80%D1%85%D0%B0%D1%82%D0%BD%D0%BE%D0%B5-%D0%BF%D0%BB%D0%B0%D1%82%D1%8C%D0%B5-%D0%B0%D1%81%D0%B8%D0%BC%D0%BC%D0%B5%D1%82%D1%80%D0%B8%D1%87%D0%BD%D0%BE%D0%B3%D0%BE-%D0%BA%D1%80%D0%BE%D1%8F-%D1%81-%D0%BA%D1%80%D1%83%D0%B6%D0%B5%D0%B2%D0%BE%D0%BC-p09838242.html,2025-12-02T13:11:18
КОРОТКОЕ ПЛАТЬЕ С ПОДПЛЕЧНИКАМИ И СТРАЗАМИ,"T 75 990,00",https://www.zara.com/kz/ru/%D0%BA%D0%BE%D1%80%D0%BE%D1%82%D0%BA%D0%BE%D0%B5-%D0%BF%D0%BB%D0%B0%D1%82%D1%8C%D0%B5-%D1%81-%D0%BF%D0%BE%D0%B4%D0%BF%D0%BB%D0%B5%D1%87%D0%BD%D0%B8%D0%BA%D0%B0%D0%BC%D0%B8-%D0%B8-%D1%81%D1%82%D1%80%D0%B0%D0%B7%D0%B0%D0%BC%D0%B8-p04772258.html,2025-12-02T13:11:18
КОРОТКОЕ ПЛАТЬЕ ИЗ СЕТЧАТОЙ ТКАНИ СО СТРАЗАМИ И ЭФФЕКТОМ НАКИДКИ,"T 75 990,00",https://www.zara.com/kz/ru/%D0%BA%D0%BE%D1%80%D0%BE%D1%82%D0%BA%D0%BE%D0%B5-%D0%BF%D0%BB%D0%B0%D1%82%D1%8C%D0%B5-%D0%B8%D0%B7-%D1%81%D0%B5%D1%82%D1%87%D0%B0%D1%82%D0%BE%D0%B8-%D1%82%D0%BA%D0%B0%D0%BD%D0%B8-%D1%81-%D0%B1%D0%BB%D0%B5%D1%81%D1%82%D0%BA%D0%B0%D0%BC%D0%B8-%D0%B8-%D1%8D%D1%84%D1%84%D0%B5%D0%BA%D1%82%D0%BE%D0%BC-%D0%BD%D0%B0%D0%BA%D0%B8%D0%B4%D0%BA%D0%B8-p04772254.html,2025-12-02T13:11:18
АТЛАСНОЕ ПЛАТЬЕ С ПРИНТОМ «ПИТЕР ПЭН» HARRY LAMBERT FOR ZARA X DISNEY,"T 55 990,00",https://www.zara.com/kz/ru/%D0%B0%D1%82%D0%BB%D0%B0%D1%81%D0%BD%D0%BE%D0%B5-%D0%BF%D0%BB%D0%B0%D1%82%D1%8C%D0%B5-%D1%81-%D0%BF%D1%80%D0%B8%D0%BD%D1%82%D0%BE%D0%BC--%D0%BF%D0%B8%D1%82%D0%B5%D1%80-%D0%BF%D1%8D%D0%BD--harry-lambert-for-zara-x-disney-p04772285.html,2025-12-02T13:11:18
КОРОТКОЕ ДЖИНСОВОЕ ПЛАТЬЕ Z1975 С РЕМНЕМ,"T 31 990,00",https://www.zara.com/kz/ru/%D0%BA%D0%BE%D1%80%D0%BE%D1%82%D0%BA%D0%BE%D0%B5-%D0%B4%D0%B6%D0%B8%D0%BD%D1%81%D0%BE%D0%B2%D0%BE%D0%B5-%D0%BF%D0%BB%D0%B0%D1%82%D1%8C%D0%B5-z1975-%D1%81-%D1%80%D0%B5%D0%BC%D0%BD%D0%B5%D0%BC-p09288058.html,2025-12-02T13:11:18
АСИММЕТРИЧНОЕ ПЛАТЬЕ-КОМБИНАЦИЯ ИЗ КОЛЛЕКЦИИ ZW,"T 31 990,00",https://www.zara.com/kz/ru/%D0%B0%D1%81%D0%B8%D0%BC%D0%BC%D0%B5%D1%82%D1%80%D0%B8%D1%87%D0%BD%D0%BE%D0%B5-%D0%BF%D0%BB%D0%B0%D1%82%D1%8C%D0%B5-%D0%BA%D0%BE%D0%BC%D0%B1%D0%B8%D0%BD%D0%B0%D1%86%D0%B8%D1%8F-%D0%B8%D0%B7-%D0%BA%D0%BE%D0%BB%D0%BB%D0%B5%D0%BA%D1%86%D0%B8%D0%B8-zw-p06895051.html,2025-12-02T13:11:18
АТЛАСНОЕ ПЛАТЬЕ С КРУЖЕВОМ — ZW COLLECTION,"T 39 990,00",https://www.zara.com/kz/ru/%D0%B0%D1%82%D0%BB%D0%B0%D1%81%D0%BD%D0%BE%D0%B5-%D0%BF%D0%BB%D0%B0%D1%82%D1%8C%D0%B5-%D1%81-%D0%BA%D1%80%D1%83%D0%B6%D0%B5%D0%B2%D0%BE%D0%BC-%E2%80%94-zw-collection-p05919201.html,2025-12-02T13:11:18
АТЛАСНОЕ АСИММЕТРИЧНОЕ ПЛАТЬЕ С КРУЖЕВОМ ZW COLLECTION,"T 39 990,00",https://www.zara.com/kz/ru/%D0%B0%D1%82%D0%BB%D0%B0%D1%81%D0%BD%D0%BE%D0%B5-%D0%B0%D1%81%D0%B8%D0%BC%D0%BC%D0%B5%D1%82%D1%80%D0%B8%D1%87%D0%BD%D0%BE%D0%B5-%D0%BF%D0%BB%D0%B0%D1%82%D1%8C%D0%B5-%D1%81-%D0%BA%D1%80%D1%83%D0%B6%D0%B5%D0%B2%D0%BE%D0%BC-%E2%80%94-zw-collection-p04772113.html,2025-12-02T13:11:18
ПЛАТЬЕ ИЗ СМЕСОВОЙ ШЕРСТИ С КРУЖЕВОМ — ZW COLLECTION LIMITED EDITION,"T 65 990,00",https://www.zara.com/kz/ru/%D0%BF%D0%BB%D0%B0%D1%82%D1%8C%D0%B5-%D0%B8%D0%B7-%D1%81%D0%BC%D0%B5%D1%81%D0%BE%D0%B2%D0%BE%D0%B8-%D1%88%D0%B5%D1%80%D1%81%D1%82%D0%B8-%D1%81-%D0%BA%D1%80%D1%83%D0%B6%D0%B5%D0%B2%D0%BE%D0%BC-%E2%80%94-zw-collection-limited-edition-p09737929.html,2025-12-02T13:11:18
КОРОТКОЕ ПЛАТЬЕ НА БРЕТЕЛЯХ С ОБЪЕМНОЙ ЮБКОЙ,"T 28 990,00",https://www.zara.com/kz/ru/%D0%BA%D0%BE%D1%80%D0%BE%D1%82%D0%BA%D0%BE%D0%B5-%D0%BF%D0%BB%D0%B0%D1%82%D1%8C%D0%B5-%D0%BD%D0%B0-%D0%B1%D1%80%D0%B5%D1%82%D0%B5%D0%BB%D1%8F%D1%85-%D1%81-%D0%BE%D0%B1%D1%8A%D0%B5%D0%BC%D0%BD%D0%BE%D0%B8-%D1%8E%D0%B1%D0%BA%D0%BE%D0%B8-p09542150.html,2025-12-02T13:11:18
ПЛАТЬЕ МИДИ СО СБОРКАМИ — ZW COLLECTION,"T 39 990,00",https://www.zara.com/kz/ru/%D0%BF%D0%BB%D0%B0%D1%82%D1%8C%D0%B5-%D0%BC%D0%B8%D0%B4%D0%B8-%D1%81%D0%BE-%D1%81%D0%B1%D0%BE%D1%80%D0%BA%D0%B0%D0%BC%D0%B8-%E2%80%94-zw-collection-p09482872.html,2025-12-02T13:11:18
АТЛАСНОЕ ПЛАТЬЕ С ЗАВЯЗКАМИ — ZW COLLECTION,"T 49 990,00",https://www.zara.com/kz/ru/%D0%B0%D1%82%D0%BB%D0%B0%D1%81%D0%BD%D0%BE%D0%B5-%D0%BF%D0%BB%D0%B0%D1%82%D1%8C%D0%B5-%D1%81-%D0%B7%D0%B0%D0%B2%D1%8F%D0%B7%D0%BA%D0%B0%D0%BC%D0%B8-%E2%80%94-zw-collection-p09365100.html,2025-12-02T13:11:18
ПЛАТЬЕ МИДИ СО СБОРКАМИ — ZW COLLECTION,"T 55 990,00",https://www.zara.com/kz/ru/%D0%BF%D0%BB%D0%B0%D1%82%D1%8C%D0%B5-%D0%BC%D0%B8%D0%B4%D0%B8-%D1%81%D0%BE-%D1%81%D0%B1%D0%BE%D1%80%D0%BA%D0%B0%D0%BC%D0%B8-%E2%80%94-zw-collection-p09482872.html,2025-12-02T13:11:18
КОРОТКОЕ БАРХАТНОЕ ПЛАТЬЕ С БАХРОМОЙ,"T 24 990,00",https://www.zara.com/kz/ru/%D0%BA%D0%BE%D1%80%D0%BE%D1%82%D0%BA%D0%BE%D0%B5-%D0%B1%D0%B0%D1%80%D1%85%D0%B0%D1%82%D0%BD%D0%BE%D0%B5-%D0%BF%D0%BB%D0%B0%D1%82%D1%8C%D0%B5-%D1%81-%D0%B1%D0%B0%D1%85%D1%80%D0%BE%D0%BC%D0%BE%D0%B8-p09643986.html,2025-12-02T13:11:18
ПЛАТЬЕ МИДИ С ВЫРЕЗАМИ И СТРАЗАМИ,"T 24 990,00",https://www.zara.com/kz/ru/%D0%BF%D0%BB%D0%B0%D1%82%D1%8C%D0%B5-%D0%BC%D0%B8%D0%B4%D0%B8-%D1%81-%D0%B2%D1%8B%D1%80%D0%B5%D0%B7%D0%BE%D0%BC-%D0%B8-%D1%83%D0%BA%D1%80%D0%B0%D1%88%D0%B5%D0%BD%D0%B8%D0%B5%D0%BC-p01223632.html,2025-12-02T13:11:18
"ПЛАТЬЕ СО СБОРКАМИ, ВЫРЕЗАМИ И БЛЕСТКАМИ","T 31 990,00",https://www.zara.com/kz/ru/%D0%BF%D0%BB%D0%B0%D1%82%D1%8C%D0%B5-%D1%81%D0%BE-%D1%81%D0%B1%D0%BE%D1%80%D0%BA%D0%B0%D0%BC%D0%B8--%D0%B2%D1%8B%D1%80%D0%B5%D0%B7%D0%B0%D0%BC%D0%B8-%D0%B8-%D0%B1%D0%BB%D0%B5%D1%81%D1%82%D0%BA%D0%B0%D0%BC%D0%B8-p04772229.html,2025-12-02T13:11:18
КОРОТКОЕ ПЛАТЬЕ НА БРЕТЕЛЯХ ОБЪЕМНОГО КРОЯ,"T 28 990,00",https://www.zara.com/kz/ru/%D0%BA%D0%BE%D1%80%D0%BE%D1%82%D0%BA%D0%BE%D0%B5-%D0%BF%D0%BB%D0%B0%D1%82%D1%8C%D0%B5-%D0%BD%D0%B0-%D0%B1%D1%80%D0%B5%D1%82%D0%B5%D0%BB%D1%8F%D1%85-%D0%BE%D0%B1%D1%8A%D0%B5%D0%BC%D0%BD%D0%BE%D0%B3%D0%BE-%D0%BA%D1%80%D0%BE%D1%8F-p09236150.html,2025-12-02T13:11:18
КОРОТКОЕ ПЛАТЬЕ СО СКЛАДКАМИ И КАРМАНАМИ,"T 28 990,00",https://www.zara.com/kz/ru/%D0%BA%D0%BE%D1%80%D0%BE%D1%82%D0%BA%D0%BE%D0%B5-%D0%BF%D0%BB%D0%B0%D1%82%D1%8C%D0%B5-%D1%81%D0%BE-%D1%81%D0%BA%D0%BB%D0%B0%D0%B4%D0%BA%D0%B0%D0%BC%D0%B8-%D0%B8-%D0%BA%D0%B0%D1%80%D0%BC%D0%B0%D0%BD%D0%B0%D0%BC%D0%B8-p09747777.html,2025-12-02T13:11:18
ПЛАТЬЕ ИЗ МЯГКОЙ ТКАНИ С РЕМНЕМ,"T 24 990,00",https://www.zara.com/kz/ru/%D0%BF%D0%BB%D0%B0%D1%82%D1%8C%D0%B5-%D0%B8%D0%B7-%D0%BC%D1%8F%D0%B3%D0%BA%D0%BE%D0%B8-%D1%82%D0%BA%D0%B0%D0%BD%D0%B8-%D1%81-%D1%80%D0%B5%D0%BC%D0%BD%D0%B5%D0%BC-p00264462.html,2025-12-02T13:11:18
МЯГКОЕ ПЛАТЬЕ С ПОЯСОМ,"T 24 990,00",https://www.zara.com/kz/ru/%D0%BC%D1%8F%D0%B3%D0%BA%D0%BE%D0%B5-%D0%BF%D0%BB%D0%B0%D1%82%D1%8C%D0%B5-%D1%81-%D0%BF%D0%BE%D1%8F%D1%81%D0%BE%D0%BC-p05039859.html,2025-12-02T13:11:18
ПЛАТЬЕ МИДИ СО СКЛАДКАМИ — ZW COLLECTION,"T 42 990,00",https://www.zara.com/kz/ru/%D0%BF%D0%BB%D0%B0%D1%82%D1%8C%D0%B5-%D0%BC%D0%B8%D0%B4%D0%B8-%D1%81%D0%BE-%D1%81%D0%BA%D0%BB%D0%B0%D0%B4%D0%BA%D0%B0%D0%BC%D0%B8-%E2%80%94-zw-collection-p04333241.html,2025-12-02T13:11:18
МИНИ-ПЛАТЬЕ ХАЛТЕР С УЗЛОМ,"T 24 990,00",https://www.zara.com/kz/ru/%D0%BC%D0%B8%D0%BD%D0%B8-%D0%BF%D0%BB%D0%B0%D1%82%D1%8C%D0%B5-%D1%85%D0%B0%D0%BB%D1%82%D0%B5%D1%80-%D1%81-%D1%83%D0%B7%D0%BB%D0%BE%D0%BC-p03897111.html,2025-12-02T13:11:18
ПЛАТЬЕ МИДИ ИЗ МАРЛИ,"T 28 990,00",https://www.zara.com/kz/ru/%D0%BF%D0%BB%D0%B0%D1%82%D1%8C%D0%B5-%D0%BC%D0%B8%D0%B4%D0%B8-%D0%B8%D0%B7-%D0%BC%D0%B0%D1%80%D0%BB%D0%B8-p00881320.html,2025-12-02T13:11:18
КОМБИНИРОВАННОЕ ПЛАТЬЕ-МИДИ,"T 31 990,00",https://www.zara.com/kz/ru/%D0%BA%D0%BE%D0%BC%D0%B1%D0%B8%D0%BD%D0%B8%D1%80%D0%BE%D0%B2%D0%B0%D0%BD%D0%BD%D0%BE%D0%B5-%D0%BF%D0%BB%D0%B0%D1%82%D1%8C%D0%B5-%D0%BC%D0%B8%D0%B4%D0%B8-p05029116.html,2025-12-02T13:11:18
ПЛАТЬЕ С V-ОБРАЗНЫМ ВЫРЕЗОМ И ПАЙЕТКАМИ,"T 39 990,00",https://www.zara.com/kz/ru/%D0%BF%D0%BB%D0%B0%D1%82%D1%8C%D0%B5-%D1%81-v-%D0%BE%D0%B1%D1%80%D0%B0%D0%B7%D0%BD%D1%8B%D0%BC-%D0%B2%D1%8B%D1%80%D0%B5%D0%B7%D0%BE%D0%BC-%D0%B8-%D0%BF%D0%B0%D0%B8%D0%B5%D1%82%D0%BA%D0%B0%D0%BC%D0%B8-p01223475.html,2025-12-02T13:11:18
КОРОТКОЕ ПЛАТЬЕ С ОБЪЕМНЫМИ РУКАВАМИ,"T 28 990,00",https://www.zara.com/kz/ru/%D0%BA%D0%BE%D1%80%D0%BE%D1%82%D0%BA%D0%BE%D0%B5-%D0%BF%D0%BB%D0%B0%D1%82%D1%8C%D0%B5-%D1%81-%D0%BE%D0%B1%D1%8A%D0%B5%D0%BC%D0%BD%D1%8B%D0%BC%D0%B8-%D1%80%D1%83%D0%BA%D0%B0%D0%B2%D0%B0%D0%BC%D0%B8-p09782536.html,2025-12-02T13:11:18
АСИММЕТРИЧНОЕ АТЛАСНОЕ ПЛАТЬЕ — ZW COLLECTION,"T 45 990,00",https://www.zara.com/kz/ru/%D0%B0%D1%81%D0%B8%D0%BC%D0%BC%D0%B5%D1%82%D1%80%D0%B8%D1%87%D0%BD%D0%BE%D0%B5-%D0%B0%D1%82%D0%BB%D0%B0%D1%81%D0%BD%D0%BE%D0%B5-%D0%BF%D0%BB%D0%B0%D1%82%D1%8C%D0%B5-%E2%80%94-zw-collection-p08073126.html,2025-12-02T13:11:18
ПЛАТЬЕ ХАЛТЕР С АНИМАЛИСТИЧЕСКИМ ПРИНТОМ — ZW COLLECTION,"T 49 990,00",https://www.zara.com/kz/ru/%D0%BF%D0%BB%D0%B0%D1%82%D1%8C%D0%B5-%D1%85%D0%B0%D0%BB%D1%82%D0%B5%D1%80-%D1%81-%D0%B0%D0%BD%D0%B8%D0%BC%D0%B0%D0%BB%D0%B8%D1%81%D1%82%D0%B8%D1%87%D0%B5%D1%81%D0%BA%D0%B8%D0%BC-%D0%BF%D1%80%D0%B8%D0%BD%D1%82%D0%BE%D0%BC-%E2%80%94-zw-collection-p08753008.html,2025-12-02T13:11:18
ПЛАТЬЕ ИЗ ПОПЛИНА СО СБОРКАМИ — ZW COLLECTION,"T 39 990,00",https://www.zara.com/kz/ru/%D0%BF%D0%BB%D0%B0%D1%82%D1%8C%D0%B5-%D0%B8%D0%B7-%D0%BF%D0%BE%D0%BF%D0%BB%D0%B8%D0%BD%D0%B0-%D1%81%D0%BE-%D1%81%D0%B1%D0%BE%D1%80%D0%BA%D0%B0%D0%BC%D0%B8-%E2%80%94-zw-collection-p08678325.html,2025-12-02T13:11:18
КОРОТКОЕ ПЛАТЬЕ — ZW COLLECTION,"T 39 990,00",https://www.zara.com/kz/ru/%D0%BA%D0%BE%D1%80%D0%BE%D1%82%D0%BA%D0%BE%D0%B5-%D0%BF%D0%BB%D0%B0%D1%82%D1%8C%D0%B5-%E2%80%94-zw-collection-p09191199.html,2025-12-02T13:11:18
БАРХАТНОЕ ПЛАТЬЕ — ZW COLLECTION,"T 49 990,00",https://www.zara.com/kz/ru/%D0%B1%D0%B0%D1%80%D1%85%D0%B0%D1%82%D0%BD%D0%BE%D0%B5-%D0%BF%D0%BB%D0%B0%D1%82%D1%8C%D0%B5-%E2%80%94-zw-collection-p04786324.html,2025-12-02T13:11:18
АТЛАСНОЕ ПЛАТЬЕ МИДИ С ОТКРЫТОЙ СПИНОЙ,"T 28 990,00",https://www.zara.com/kz/ru/%D0%B0%D1%82%D0%BB%D0%B0%D1%81%D0%BD%D0%BE%D0%B5-%D0%BF%D0%BB%D0%B0%D1%82%D1%8C%D0%B5-%D0%BC%D0%B8%D0%B4%D0%B8-%D1%81-%D0%BE%D1%82%D0%BA%D1%80%D1%8B%D1%82%D0%BE%D0%B8-%D1%81%D0%BF%D0%B8%D0%BD%D0%BE%D0%B8-p08807399.html,2025-12-02T13:11:18
АТЛАСНОЕ ПЛАТЬЕ МИДИ С ВЫРЕЗАМИ,"T 31 990,00",https://www.zara.com/kz/ru/%D0%B0%D1%82%D0%BB%D0%B0%D1%81%D0%BD%D0%BE%D0%B5-%D0%BF%D0%BB%D0%B0%D1%82%D1%8C%D0%B5-%D0%BC%D0%B8%D0%B4%D0%B8-%D1%81-%D0%B2%D1%8B%D1%80%D0%B5%D0%B7%D0%B0%D0%BC%D0%B8-p08351221.html,2025-12-02T13:11:18
ДЛИННОЕ ПЛАТЬЕ-ХАЛТЕР СО СБОРКАМИ,"T 28 990,00",https://www.zara.com/kz/ru/%D0%B4%D0%BB%D0%B8%D0%BD%D0%BD%D0%BE%D0%B5-%D0%BF%D0%BB%D0%B0%D1%82%D1%8C%D0%B5-%D1%85%D0%B0%D0%BB%D1%82%D0%B5%D1%80-%D1%81%D0%BE-%D1%81%D0%B1%D0%BE%D1%80%D0%BA%D0%B0%D0%BC%D0%B8-p05039826.html,2025-12-02T13:11:18
КОМБИНИРОВАННОЕ ПЛАТЬЕ-ХАЛТЕР ИЗ ТЮЛЯ,"T 24 990,00",https://www.zara.com/kz/ru/%D0%BA%D0%BE%D0%BC%D0%B1%D0%B8%D0%BD%D0%B8%D1%80%D0%BE%D0%B2%D0%B0%D0%BD%D0%BD%D0%BE%D0%B5-%D0%BF%D0%BB%D0%B0%D1%82%D1%8C%D0%B5-%D1%85%D0%B0%D0%BB%D1%82%D0%B5%D1%80-%D0%B8%D0%B7-%D1%82%D1%8E%D0%BB%D1%8F-p05039815.html,2025-12-02T13:11:18
КОРОТКОЕ ПЛАТЬЕ С БАХРОМОЙ,"T 24 990,00",https://www.zara.com/kz/ru/%D0%BA%D0%BE%D1%80%D0%BE%D1%82%D0%BA%D0%BE%D0%B5-%D0%BF%D0%BB%D0%B0%D1%82%D1%8C%D0%B5-%D1%81-%D0%B1%D0%B0%D1%85%D1%80%D0%BE%D0%BC%D0%BE%D0%B8-p08351046.html,2025-12-02T13:11:18
ПЛАТЬЕ МИДИ С АНИМАЛИСТИЧЕСКИМ ПРИНТОМ,"T 31 990,00",https://www.zara.com/kz/ru/%D0%BF%D0%BB%D0%B0%D1%82%D1%8C%D0%B5-%D0%BC%D0%B8%D0%B4%D0%B8-%D1%81-%D0%B0%D0%BD%D0%B8%D0%BC%D0%B0%D0%BB%D0%B8%D1%81%D1%82%D0%B8%D1%87%D0%B5%D1%81%D0%BA%D0%B8%D0%BC-%D0%BF%D1%80%D0%B8%D0%BD%D1%82%D0%BE%D0%BC-p08790139.html,2025-12-02T13:11:18
ЖАККАРДОВОЕ ПЛАТЬЕ С БАНДАНОЙ — ZW COLLECTION,"T 65 990,00",https://www.zara.com/kz/ru/%D0%B6%D0%B0%D0%BA%D0%BA%D0%B0%D1%80%D0%B4%D0%BE%D0%B2%D0%BE%D0%B5-%D0%BF%D0%BB%D0%B0%D1%82%D1%8C%D0%B5-%D1%81-%D0%B1%D0%B0%D0%BD%D0%B4%D0%B0%D0%BD%D0%BE%D0%B8-%E2%80%94-zw-collection-p09594341.html,2025-12-02T13:11:18
ПЛАТЬЕ АСИММЕТРИЧНОГО КРОЯ С КРУЖЕВОМ — ZW COLLECTION,"T 39 990,00",https://www.zara.com/kz/ru/%D0%BF%D0%BB%D0%B0%D1%82%D1%8C%D0%B5-%D0%B0%D1%81%D0%B8%D0%BC%D0%BC%D0%B5%D1%82%D1%80%D0%B8%D1%87%D0%BD%D0%BE%D0%B3%D0%BE-%D0%BA%D1%80%D0%BE%D1%8F-%D1%81-%D0%BA%D1%80%D1%83%D0%B6%D0%B5%D0%B2%D0%BE%D0%BC-%E2%80%94-zw-collection-p05919200.html,2025-12-02T13:11:18
АТЛАСНОЕ ПЛАТЬЕ С ЗАПАХОМ — ZW COLLECTION,"T 49 990,00",https://www.zara.com/kz/ru/%D0%B0%D1%82%D0%BB%D0%B0%D1%81%D0%BD%D0%BE%D0%B5-%D0%BF%D0%BB%D0%B0%D1%82%D1%8C%D0%B5-%D1%81-%D0%B7%D0%B0%D0%BF%D0%B0%D1%85%D0%BE%D0%BC-%E2%80%94-zw-collection-p09780063.html,2025-12-02T13:11:18
МИНИ-ПЛАТЬЕ-БЛЕЙЗЕР ХАЛТЕР,"T 31 990,00",https://www.zara.com/kz/ru/%D0%BC%D0%B8%D0%BD%D0%B8-%D0%BF%D0%BB%D0%B0%D1%82%D1%8C%D0%B5-%D0%B1%D0%BB%D0%B5%D0%B8%D0%B7%D0%B5%D1%80-%D1%85%D0%B0%D0%BB%D1%82%D0%B5%D1%80-p03608536.html,2025-12-02T13:11:18
ПЛИССИРОВАННОЕ ПЛАТЬЕ МИДИ,"T 37 990,00",https://www.zara.com/kz/ru/%D0%BF%D0%BB%D0%B8%D1%81%D1%81%D0%B8%D1%80%D0%BE%D0%B2%D0%B0%D0%BD%D0%BD%D0%BE%D0%B5-%D0%BF%D0%BB%D0%B0%D1%82%D1%8C%D0%B5-%D0%BC%D0%B8%D0%B4%D0%B8-p08462335.html,2025-12-02T13:11:18
ПЛАТЬЕ ИЗ КОЛЛЕКЦИИ ZW LIMITED EDITION,"T 39 990,00",https://www.zara.com/kz/ru/%D0%BF%D0%BB%D0%B0%D1%82%D1%8C%D0%B5-%D0%B8%D0%B7-%D0%BA%D0%BE%D0%BB%D0%BB%D0%B5%D0%BA%D1%86%D0%B8%D0%B8-zw-limited-edition-p04437263.html,2025-12-02T13:11:18
ДЛИННОЕ АТЛАСНОЕ ПЛАТЬЕ ZW COLLECTION LIMITED EDITION,"T 55 990,00",https://www.zara.com/kz/ru/%D0%B4%D0%BB%D0%B8%D0%BD%D0%BD%D0%BE%D0%B5-%D0%B0%D1%82%D0%BB%D0%B0%D1%81%D0%BD%D0%BE%D0%B5-%D0%BF%D0%BB%D0%B0%D1%82%D1%8C%D0%B5-zw-collection-limited-edition-p02488201.html,2025-12-02T13:11:18
ДЖИНСОВОЕ ПЛАТЬЕ-ХАЛТЕР TRF,"T 28 990,00",https://www.zara.com/kz/ru/%D0%B4%D0%B6%D0%B8%D0%BD%D1%81%D0%BE%D0%B2%D0%BE%D0%B5-%D0%BF%D0%BB%D0%B0%D1%82%D1%8C%D0%B5-%D1%85%D0%B0%D0%BB%D1%82%D0%B5%D1%80-trf-p06929287.html,2025-12-02T13:11:18
ДЛИННОЕ ПЛАТЬЕ-ХАЛТЕР СО СБОРКАМИ,"T 24 990,00",https://www.zara.com/kz/ru/%D0%B4%D0%BB%D0%B8%D0%BD%D0%BD%D0%BE%D0%B5-%D0%BF%D0%BB%D0%B0%D1%82%D1%8C%D0%B5-%D1%85%D0%B0%D0%BB%D1%82%D0%B5%D1%80-%D1%81%D0%BE-%D1%81%D0%B1%D0%BE%D1%80%D0%BA%D0%B0%D0%BC%D0%B8-p05039826.html,2025-12-02T13:11:18
КОРОТКОЕ ПЛАТЬЕ С КОМБИНИРОВАННЫМ НИЗОМ,"T 28 990,00",https://www.zara.com/kz/ru/%D0%BA%D0%BE%D1%80%D0%BE%D1%82%D0%BA%D0%BE%D0%B5-%D0%BF%D0%BB%D0%B0%D1%82%D1%8C%D0%B5-%D1%81-%D0%BA%D0%BE%D0%BC%D0%B1%D0%B8%D0%BD%D0%B8%D1%80%D0%BE%D0%B2%D0%B0%D0%BD%D0%BD%D1%8B%D0%BC-%D0%BD%D0%B8%D0%B7%D0%BE%D0%BC-p08020815.html,2025-12-02T13:11:18
КОРОТКОЕ ПЛАТЬЕ ИЗ ГАЗА С ВОЛАНАМИ,"T 24 990,00",https://www.zara.com/kz/ru/%D0%BA%D0%BE%D1%80%D0%BE%D1%82%D0%BA%D0%BE%D0%B5-%D0%BF%D0%BB%D0%B0%D1%82%D1%8C%D0%B5-%D0%B8%D0%B7-%D0%B3%D0%B0%D0%B7%D0%B0-%D1%81-%D0%B2%D0%BE%D0%BB%D0%B0%D0%BD%D0%B0%D0%BC%D0%B8-p05107335.html,2025-12-02T13:11:18
ДЛИННОЕ ПЛАТЬЕ С ВЫРЕЗАМИ,"T 31 990,00",https://www.zara.com/kz/ru/%D0%B4%D0%BB%D0%B8%D0%BD%D0%BD%D0%BE%D0%B5-%D0%BF%D0%BB%D0%B0%D1%82%D1%8C%D0%B5-%D1%81-%D0%B2%D1%8B%D1%80%D0%B5%D0%B7%D0%B0%D0%BC%D0%B8-p08337262.html,2025-12-02T13:11:18
КОРОТКОЕ ПЛАТЬЕ ИЗ ТКАНИ СО СБОРКАМИ,"T 24 990,00",https://www.zara.com/kz/ru/%D0%BA%D0%BE%D1%80%D0%BE%D1%82%D0%BA%D0%BE%D0%B5-%D0%BF%D0%BB%D0%B0%D1%82%D1%8C%D0%B5-%D0%B8%D0%B7-%D1%82%D0%BA%D0%B0%D0%BD%D0%B8-%D1%81%D0%BE-%D1%81%D0%B1%D0%BE%D1%80%D0%BA%D0%B0%D0%BC%D0%B8-p02180224.html,2025-12-02T13:11:18
КОМБИНИРОВАННОЕ ПЛАТЬЕ С КРУЖЕВОМ,"T 31 990,00",https://www.zara.com/kz/ru/%D0%BA%D0%BE%D0%BC%D0%B1%D0%B8%D0%BD%D0%B8%D1%80%D0%BE%D0%B2%D0%B0%D0%BD%D0%BD%D0%BE%D0%B5-%D0%BF%D0%BB%D0%B0%D1%82%D1%8C%D0%B5-%D1%81-%D0%BA%D1%80%D1%83%D0%B6%D0%B5%D0%B2%D0%BE%D0%BC-p02678612.html,2025-12-02T13:11:18
ДЛИННОЕ АСИММЕТРИЧНОЕ ПЛАТЬЕ,"T 28 990,00",https://www.zara.com/kz/ru/%D0%B4%D0%BB%D0%B8%D0%BD%D0%BD%D0%BE%D0%B5-%D0%B0%D1%81%D0%B8%D0%BC%D0%BC%D0%B5%D1%82%D1%80%D0%B8%D1%87%D0%BD%D0%BE%D0%B5-%D0%BF%D0%BB%D0%B0%D1%82%D1%8C%D0%B5-p05039471.html,2025-12-02T13:11:18
ПЛАТЬЕ ИЗ КОЛЛЕКЦИИ ZW С ПАЙЕТКАМИ И КРУЖЕВОМ,"T 65 990,00",https://www.zara.com/kz/ru/%D0%BF%D0%BB%D0%B0%D1%82%D1%8C%D0%B5-%D0%B8%D0%B7-%D0%BA%D0%BE%D0%BB%D0%BB%D0%B5%D0%BA%D1%86%D0%B8%D0%B8-zw-%D1%81-%D0%BF%D0%B0%D0%B8%D0%B5%D1%82%D0%BA%D0%B0%D0%BC%D0%B8-%D0%B8-%D0%BA%D1%80%D1%83%D0%B6%D0%B5%D0%B2%D0%BE%D0%BC-p01758214.html,2025-12-02T13:11:18
ДЛИННОЕ ПЛАТЬЕ В ГОРОШЕК С ПЛАТКОМ,"T 39 990,00",https://www.zara.com/kz/ru/%D0%B4%D0%BB%D0%B8%D0%BD%D0%BD%D0%BE%D0%B5-%D0%BF%D0%BB%D0%B0%D1%82%D1%8C%D0%B5-%D0%B2-%D0%B3%D0%BE%D1%80%D0%BE%D1%88%D0%B5%D0%BA-%D1%81-%D0%BF%D0%BB%D0%B0%D1%82%D0%BA%D0%BE%D0%BC-p03067232.html,2025-12-02T13:11:18
КОРОТКОЕ ПЛАТЬЕ ИЗ ПОЛИАМИДА,"T 28 990,00",https://www.zara.com/kz/ru/%D0%BA%D0%BE%D1%80%D0%BE%D1%82%D0%BA%D0%BE%D0%B5-%D0%BF%D0%BB%D0%B0%D1%82%D1%8C%D0%B5-%D0%B8%D0%B7-%D0%BF%D0%BE%D0%BB%D0%B8%D0%B0%D0%BC%D0%B8%D0%B4%D0%B0-p01355624.html,2025-12-02T13:11:18
КОРОТКОЕ КОМБИНИРОВАННОЕ ПЛАТЬЕ,"T 28 990,00",https://www.zara.com/kz/ru/%D0%BA%D0%BE%D1%80%D0%BE%D1%82%D0%BA%D0%BE%D0%B5-%D0%BA%D0%BE%D0%BC%D0%B1%D0%B8%D0%BD%D0%B8%D1%80%D0%BE%D0%B2%D0%B0%D0%BD%D0%BD%D0%BE%D0%B5-%D0%BF%D0%BB%D0%B0%D1%82%D1%8C%D0%B5-p04772235.html,2025-12-02T13:11:18
КОРОТКОЕ ПЛАТЬЕ ИЗ ИСКУССТВЕННОЙ ЗАМШИ С ВОЛАНАМИ,"T 31 990,00",https://www.zara.com/kz/ru/%D0%BA%D0%BE%D1%80%D0%BE%D1%82%D0%BA%D0%BE%D0%B5-%D0%BF%D0%BB%D0%B0%D1%82%D1%8C%D0%B5-%D0%B8%D0%B7-%D0%B8%D1%81%D0%BA%D1%83%D1%81%D1%81%D1%82%D0%B2%D0%B5%D0%BD%D0%BD%D0%BE%D0%B8-%D0%B7%D0%B0%D0%BC%D1%88%D0%B8-%D1%81-%D0%B2%D0%BE%D0%BB%D0%B0%D0%BD%D0%B0%D0%BC%D0%B8-p04764279.html,2025-12-02T13:11:18
ДЖИНСОВОЕ ПЛАТЬЕ МИДИ — ZW COLLECTION,"T 49 990,00",https://www.zara.com/kz/ru/%D0%B4%D0%B6%D0%B8%D0%BD%D1%81%D0%BE%D0%B2%D0%BE%D0%B5-%D0%BF%D0%BB%D0%B0%D1%82%D1%8C%D0%B5-%D0%BC%D0%B8%D0%B4%D0%B8-%E2%80%94-zw-collection-p07563243.html,2025-12-02T13:11:18
ПЛАТЬЕ-РУБАШКА В КЛЕТКУ — ZW COLLECTION,"T 39 990,00",https://www.zara.com/kz/ru/%D0%BF%D0%BB%D0%B0%D1%82%D1%8C%D0%B5-%D1%80%D1%83%D0%B1%D0%B0%D1%88%D0%BA%D0%B0-%D0%B2-%D0%BA%D0%BB%D0%B5%D1%82%D0%BA%D1%83-%E2%80%94-zw-collection-p08789078.html,2025-12-02T13:11:18
АТЛАСНОЕ ПЛАТЬЕ МИДИ С ПРИНТОМ,"T 37 990,00",https://www.zara.com/kz/ru/%D0%B0%D1%82%D0%BB%D0%B0%D1%81%D0%BD%D0%BE%D0%B5-%D0%BF%D0%BB%D0%B0%D1%82%D1%8C%D0%B5-%D0%BC%D0%B8%D0%B4%D0%B8-%D1%81-%D0%BF%D1%80%D0%B8%D0%BD%D1%82%D0%BE%D0%BC-p09186234.html,2025-12-02T13:11:18
ПЛАТЬЕ МИДИ ИЗ КРЕПА С ПОЯСОМ,"T 31 990,00",https://www.zara.com/kz/ru/%D0%BF%D0%BB%D0%B0%D1%82%D1%8C%D0%B5-%D0%BC%D0%B8%D0%B4%D0%B8-%D0%B8%D0%B7-%D0%BA%D1%80%D0%B5%D0%BF%D0%B0-%D1%81-%D0%BF%D0%BE%D1%8F%D1%81%D0%BE%D0%BC-p08864583.html,2025-12-02T13:11:18
ПЛАТЬЕ МИДИ ИЗ СТРУЯЩЕЙСЯ ТКАНИ,"T 24 990,00",https://www.zara.com/kz/ru/%D0%BF%D0%BB%D0%B0%D1%82%D1%8C%D0%B5-%D0%BC%D0%B8%D0%B4%D0%B8-%D0%B8%D0%B7-%D1%81%D1%82%D1%80%D1%83%D1%8F%D1%89%D0%B5%D0%B8%D1%81%D1%8F-%D1%82%D0%BA%D0%B0%D0%BD%D0%B8-p03067206.html,2025-12-02T13:11:18
КОРОТКОЕ ПЛАТЬЕ С ГОРЛОВИНОЙ ХАЛТЕР И ЮБКОЙ ГОДЕ,"T 24 990,00",https://www.zara.com/kz/ru/%D0%BA%D0%BE%D1%80%D0%BE%D1%82%D0%BA%D0%BE%D0%B5-%D0%BF%D0%BB%D0%B0%D1%82%D1%8C%D0%B5-%D1%81-%D0%B3%D0%BE%D1%80%D0%BB%D0%BE%D0%B2%D0%B8%D0%BD%D0%BE%D0%B8-%D1%85%D0%B0%D0%BB%D1%82%D0%B5%D1%80-%D0%B8-%D1%8E%D0%B1%D0%BA%D0%BE%D0%B8-%D0%B3%D0%BE%D0%B4%D0%B5-p04661379.html,2025-12-02T13:11:18
КОРОТКОЕ ДЖИНСОВОЕ ПЛАТЬЕ TRF С ДРАПИРОВКОЙ,"T 19 990,00",https://www.zara.com/kz/ru/%D0%BA%D0%BE%D1%80%D0%BE%D1%82%D0%BA%D0%BE%D0%B5-%D0%B4%D0%B6%D0%B8%D0%BD%D1%81%D0%BE%D0%B2%D0%BE%D0%B5-%D0%BF%D0%BB%D0%B0%D1%82%D1%8C%D0%B5-trf-%D1%81-%D0%B4%D1%80%D0%B0%D0%BF%D0%B8%D1%80%D0%BE%D0%B2%D0%BA%D0%BE%D0%B8-p06929288.html,2025-12-02T13:11:18
КОРОТКОЕ КОМБИНИРОВАННОЕ ПЛАТЬЕ С БАНТАМИ,"T 24 990,00",https://www.zara.com/kz/ru/%D0%BA%D0%BE%D1%80%D0%BE%D1%82%D0%BA%D0%BE%D0%B5-%D0%BA%D0%BE%D0%BC%D0%B1%D0%B8%D0%BD%D0%B8%D1%80%D0%BE%D0%B2%D0%B0%D0%BD%D0%BD%D0%BE%D0%B5-%D0%BF%D0%BB%D0%B0%D1%82%D1%8C%D0%B5-%D1%81-%D0%B1%D0%B0%D0%BD%D1%82%D0%B0%D0%BC%D0%B8-p08171777.html,2025-12-02T13:11:18
ДЛИННОЕ КОМБИНИРОВАННОЕ ПЛАТЬЕ,"T 24 990,00",https://www.zara.com/kz/ru/%D0%B4%D0%BB%D0%B8%D0%BD%D0%BD%D0%BE%D0%B5-%D0%BA%D0%BE%D0%BC%D0%B1%D0%B8%D0%BD%D0%B8%D1%80%D0%BE%D0%B2%D0%B0%D0%BD%D0%BD%D0%BE%D0%B5-%D0%BF%D0%BB%D0%B0%D1%82%D1%8C%D0%B5-p05029205.html,2025-12-02T13:11:18
ДЛИННОЕ МЯГКОЕ ПЛАТЬЕ,"T 19 990,00",https://www.zara.com/kz/ru/%D0%B4%D0%BB%D0%B8%D0%BD%D0%BD%D0%BE%D0%B5-%D0%BC%D1%8F%D0%B3%D0%BA%D0%BE%D0%B5-%D0%BF%D0%BB%D0%B0%D1%82%D1%8C%D0%B5-p01165891.html,2025-12-02T13:11:18
ПЛАТЬЕ С КРУЖЕВОМ И ПАЙЕТКАМИ ZW COLLECTION LIMITED EDITION,"T 55 990,00",https://www.zara.com/kz/ru/%D0%BF%D0%BB%D0%B0%D1%82%D1%8C%D0%B5-%D0%B8%D0%B7-%D0%BA%D0%BE%D0%BB%D0%BB%D0%B5%D0%BA%D1%86%D0%B8%D0%B8-zw-limited-edition-%D1%81-%D0%BA%D1%80%D1%83%D0%B6%D0%B5%D0%B2%D0%BE%D0%BC-%D0%B8-%D0%BF%D0%B0%D0%B8%D0%B5%D1%82%D0%BA%D0%B0%D0%BC%D0%B8-p04831243.html,2025-12-02T13:11:18
ПЛАТЬЕ МИДИ НА БРЕТЕЛЯХ ИЗ РАМИ,"T 24 990,00",https://www.zara.com/kz/ru/%D0%BF%D0%BB%D0%B0%D1%82%D1%8C%D0%B5-%D0%BC%D0%B8%D0%B4%D0%B8-%D0%BD%D0%B0-%D0%B1%D1%80%D0%B5%D1%82%D0%B5%D0%BB%D1%8F%D1%85-%D0%B8%D0%B7-%D1%80%D0%B0%D0%BC%D0%B8-p08478730.html,2025-12-02T13:11:18
ПЛАТЬЕ-МИДИ С ПОЯСОМ И ЛЬНОМ,"T 37 990,00",https://www.zara.com/kz/ru/%D0%BF%D0%BB%D0%B0%D1%82%D1%8C%D0%B5-%D0%BC%D0%B8%D0%B4%D0%B8-%D1%81-%D0%BF%D0%BE%D1%8F%D1%81%D0%BE%D0%BC-%D0%B8-%D0%BB%D1%8C%D0%BD%D0%BE%D0%BC-p08651379.html,2025-12-02T13:11:18
ПЛАТЬЕ С АСИММЕТРИЧНЫМ РУКАВОМ LIMITED EDITION,"T 39 990,00",https://www.zara.com/kz/ru/%D0%BF%D0%BB%D0%B0%D1%82%D1%8C%D0%B5-%D1%81-%D0%B0%D1%81%D0%B8%D0%BC%D0%BC%D0%B5%D1%82%D1%80%D0%B8%D1%87%D0%BD%D1%8B%D0%BC-%D1%80%D1%83%D0%BA%D0%B0%D0%B2%D0%BE%D0%BC-limited-edition-p09144887.html,2025-12-02T13:11:18
ПЛАТЬЕ МИДИ С ПАНЕЛЯМИ,"T 28 990,00",https://www.zara.com/kz/ru/%D0%BF%D0%BB%D0%B0%D1%82%D1%8C%D0%B5-%D0%BC%D0%B8%D0%B4%D0%B8-%D1%81-%D0%BF%D0%B0%D0%BD%D0%B5%D0%BB%D1%8F%D0%BC%D0%B8-p04772215.html,2025-12-02T13:11:18
ПЛАТЬЕ ИЗ ПОЛУПРОЗРАЧНОЙ ТКАНИ С БОДИ,"T 24 990,00",https://www.zara.com/kz/ru/%D0%BF%D0%BB%D0%B0%D1%82%D1%8C%D0%B5-%D0%B8%D0%B7-%D0%BF%D0%BE%D0%BB%D1%83%D0%BF%D1%80%D0%BE%D0%B7%D1%80%D0%B0%D1%87%D0%BD%D0%BE%D0%B8-%D1%82%D0%BA%D0%B0%D0%BD%D0%B8-%D1%81-%D0%B1%D0%BE%D0%B4%D0%B8-p04770807.html,2025-12-02T13:11:18
КОРОТКОЕ ПЛАТЬЕ С ДРАПИРОВАННЫМ ВЫРЕЗОМ,"T 24 990,00",https://www.zara.com/kz/ru/%D0%BA%D0%BE%D1%80%D0%BE%D1%82%D0%BA%D0%BE%D0%B5-%D0%BF%D0%BB%D0%B0%D1%82%D1%8C%D0%B5-%D1%81-%D0%B4%D1%80%D0%B0%D0%BF%D0%B8%D1%80%D0%BE%D0%B2%D0%B0%D0%BD%D0%BD%D1%8B%D0%BC-%D0%B2%D1%8B%D1%80%D0%B5%D0%B7%D0%BE%D0%BC-p04661262.html,2025-12-02T13:11:18
КОМБИНИРОВАННОЕ ПЛАТЬЕ — ZW COLLECTION,"T 49 990,00",https://www.zara.com/kz/ru/%D0%BA%D0%BE%D0%BC%D0%B1%D0%B8%D0%BD%D0%B8%D1%80%D0%BE%D0%B2%D0%B0%D0%BD%D0%BD%D0%BE%D0%B5-%D0%BF%D0%BB%D0%B0%D1%82%D1%8C%D0%B5-%E2%80%94-zw-collection-p06895283.html,2025-12-02T13:11:18
ПЛАТЬЕ С БУСИНАМИ — ZW COLLECTION,"T 79 990,00",https://www.zara.com/kz/ru/%D0%BF%D0%BB%D0%B0%D1%82%D1%8C%D0%B5-%D1%81-%D0%B1%D1%83%D1%81%D0%B8%D0%BD%D0%B0%D0%BC%D0%B8-%E2%80%94-zw-collection-p07521271.html,2025-12-02T13:11:18
ДЛИННОЕ ПЛАТЬЕ С ОТКРЫТОЙ СПИНОЙ,"T 31 990,00",https://www.zara.com/kz/ru/%D0%B4%D0%BB%D0%B8%D0%BD%D0%BD%D0%BE%D0%B5-%D0%BF%D0%BB%D0%B0%D1%82%D1%8C%D0%B5-%D1%81-%D0%BE%D1%82%D0%BA%D1%80%D1%8B%D1%82%D0%BE%D0%B8-%D1%81%D0%BF%D0%B8%D0%BD%D0%BE%D0%B8-p03067212.html,2025-12-02T13:11:18
ДЛИННОЕ ПЛАТЬЕ СО СБОРКАМИ,"T 31 990,00",https://www.zara.com/kz/ru/%D0%B4%D0%BB%D0%B8%D0%BD%D0%BD%D0%BE%D0%B5-%D0%BF%D0%BB%D0%B0%D1%82%D1%8C%D0%B5-%D1%81%D0%BE-%D1%81%D0%B1%D0%BE%D1%80%D0%BA%D0%B0%D0%BC%D0%B8-p05039233.html,2025-12-02T13:11:18
ДЛИННОЕ ПЛАТЬЕ С ДЛИННЫМИ РУКАВАМИ,"T 17 990,00",https://www.zara.com/kz/ru/%D0%B4%D0%BB%D0%B8%D0%BD%D0%BD%D0%BE%D0%B5-%D0%BF%D0%BB%D0%B0%D1%82%D1%8C%D0%B5-%D1%81-%D0%B4%D0%BB%D0%B8%D0%BD%D0%BD%D1%8B%D0%BC%D0%B8-%D1%80%D1%83%D0%BA%D0%B0%D0%B2%D0%B0%D0%BC%D0%B8-p01198464.html,2025-12-02T13:11:18
КОМБИНИРОВАННОЕ ПЛАТЬЕ МИДИ С ПАЙЕТКАМИ И КРУЖЕВОМ,"T 65 990,00",https://www.zara.com/kz/ru/%D0%BA%D0%BE%D0%BC%D0%B1%D0%B8%D0%BD%D0%B8%D1%80%D0%BE%D0%B2%D0%B0%D0%BD%D0%BD%D0%BE%D0%B5-%D0%BF%D0%BB%D0%B0%D1%82%D1%8C%D0%B5-%D0%BC%D0%B8%D0%B4%D0%B8-%D1%81-%D0%BF%D0%B0%D0%B8%D0%B5%D1%82%D0%BA%D0%B0%D0%BC%D0%B8-%D0%B8-%D0%BA%D1%80%D1%83%D0%B6%D0%B5%D0%B2%D0%BE%D0%BC-p01758648.html,2025-12-02T13:11:18
КОМБИНИРОВАННОЕ ПЛАТЬЕ-БЛЕЙЗЕР — ZW COLLECTION,"T 79 990,00",https://www.zara.com/kz/ru/%D0%BA%D0%BE%D0%BC%D0%B1%D0%B8%D0%BD%D0%B8%D1%80%D0%BE%D0%B2%D0%B0%D0%BD%D0%BD%D0%BE%D0%B5-%D0%BF%D0%BB%D0%B0%D1%82%D1%8C%D0%B5-%D0%B1%D0%BB%D0%B5%D0%B8%D0%B7%D0%B5%D1%80-%E2%80%94-zw-collection-p09077198.html,2025-12-02T13:11:18
БАРХАТНОЕ ПЛАТЬЕ С КРУЖЕВОМ — ZW COLLECTION,"T 45 990,00",https://www.zara.com/kz/ru/%D0%B1%D0%B0%D1%80%D1%85%D0%B0%D1%82%D0%BD%D0%BE%D0%B5-%D0%BF%D0%BB%D0%B0%D1%82%D1%8C%D0%B5-%D1%81-%D0%BA%D1%80%D1%83%D0%B6%D0%B5%D0%B2%D0%BE%D0%BC-%E2%80%94-zw-collection-p05919209.html,2025-12-02T13:11:18
ПЛАТЬЕ-КОМБИНЕЗОН ХАЛТЕР,"T 24 990,00",https://www.zara.com/kz/ru/%D0%BF%D0%BB%D0%B0%D1%82%D1%8C%D0%B5-%D0%BA%D0%BE%D0%BC%D0%B1%D0%B8%D0%BD%D0%B5%D0%B7%D0%BE%D0%BD-%D1%85%D0%B0%D0%BB%D1%82%D0%B5%D1%80-p03152207.html,2025-12-02T13:11:18
КОМБИНИРОВАННОЕ ПЛАТЬЕ С КРУЖЕВОМ,"T 55 990,00",https://www.zara.com/kz/ru/%D0%BA%D0%BE%D0%BC%D0%B1%D0%B8%D0%BD%D0%B8%D1%80%D0%BE%D0%B2%D0%B0%D0%BD%D0%BD%D0%BE%D0%B5-%D0%BF%D0%BB%D0%B0%D1%82%D1%8C%D0%B5-%D1%81-%D0%BA%D1%80%D1%83%D0%B6%D0%B5%D0%B2%D0%BE%D0%BC-p02678612.html,2025-12-02T13:11:18
ТРИКОТАЖНОЕ ПЛАТЬЕ С ВЫРЕЗОМ НА ГРУДИ,"T 28 990,00",https://www.zara.com/kz/ru/%D1%82%D1%80%D0%B8%D0%BA%D0%BE%D1%82%D0%B0%D0%B6%D0%BD%D0%BE%D0%B5-%D0%BF%D0%BB%D0%B0%D1%82%D1%8C%D0%B5-%D1%81-%D0%B2%D1%8B%D1%80%D0%B5%D0%B7%D0%BE%D0%BC-%D0%BD%D0%B0-%D0%B3%D1%80%D1%83%D0%B4%D0%B8-p02756020.html,2025-12-02T13:11:18
ДЛИННОЕ ПЛАТЬЕ С ТЕКСТУРОЙ,"T 24 990,00",https://www.zara.com/kz/ru/%D0%B4%D0%BB%D0%B8%D0%BD%D0%BD%D0%BE%D0%B5-%D0%BF%D0%BB%D0%B0%D1%82%D1%8C%D0%B5-%D1%81-%D1%82%D0%B5%D0%BA%D1%81%D1%82%D1%83%D1%80%D0%BE%D0%B8-p01131826.html,2025-12-02T13:11:18
КОРОТКОЕ ПЛАТЬЕ TABAS С ГАЛСТУКОМ,"T 31 990,00",https://www.zara.com/kz/ru/%D0%BA%D0%BE%D1%80%D0%BE%D1%82%D0%BA%D0%BE%D0%B5-%D0%BF%D0%BB%D0%B0%D1%82%D1%8C%D0%B5-tabas-%D1%81-%D0%B3%D0%B0%D0%BB%D1%81%D1%82%D1%83%D0%BA%D0%BE%D0%BC-p04661263.html,2025-12-02T13:11:18
КОРОТКОЕ ПЛАТЬЕ С ПОЯСОМ,"T 24 990,00",https://www.zara.com/kz/ru/%D0%BA%D0%BE%D1%80%D0%BE%D1%82%D0%BA%D0%BE%D0%B5-%D0%BF%D0%BB%D0%B0%D1%82%D1%8C%D0%B5-%D1%81-%D0%BF%D0%BE%D1%8F%D1%81%D0%BE%D0%BC-p04661264.html,2025-12-02T13:11:18
ПЛАТЬЕ-МИДИ ИЗО ЛЬНА,"T 31 990,00",https://www.zara.com/kz/ru/%D0%BF%D0%BB%D0%B0%D1%82%D1%8C%D0%B5-%D0%BC%D0%B8%D0%B4%D0%B8-%D0%B8%D0%B7%D0%BE-%D0%BB%D1%8C%D0%BD%D0%B0-p08169350.html,2025-12-02T13:11:18
ПЛАТЬЕ ИЗ ТКАНИ С ЭФФЕКТОМ МЕХА,"T 24 990,00",https://www.zara.com/kz/ru/%D0%BF%D0%BB%D0%B0%D1%82%D1%8C%D0%B5-%D0%B8%D0%B7-%D1%82%D0%BA%D0%B0%D0%BD%D0%B8-%D1%81-%D1%8D%D1%84%D1%84%D0%B5%D0%BA%D1%82%D0%BE%D0%BC-%D0%BC%D0%B5%D1%85%D0%B0-p05063856.html,2025-12-02T13:11:18
ДЛИННОЕ КОМБИНИРОВАННОЕ ПЛАТЬЕ,"T 31 990,00",https://www.zara.com/kz/ru/%D0%B4%D0%BB%D0%B8%D0%BD%D0%BD%D0%BE%D0%B5-%D0%BA%D0%BE%D0%BC%D0%B1%D0%B8%D0%BD%D0%B8%D1%80%D0%BE%D0%B2%D0%B0%D0%BD%D0%BD%D0%BE%D0%B5-%D0%BF%D0%BB%D0%B0%D1%82%D1%8C%D0%B5-p05029205.html,2025-12-02T13:11:18
КОМБИНИРОВАННОЕ ПЛАТЬЕ МИДИ,"T 28 990,00",https://www.zara.com/kz/ru/%D0%BA%D0%BE%D0%BC%D0%B1%D0%B8%D0%BD%D0%B8%D1%80%D0%BE%D0%B2%D0%B0%D0%BD%D0%BD%D0%BE%D0%B5-%D0%BF%D0%BB%D0%B0%D1%82%D1%8C%D0%B5-%D0%BC%D0%B8%D0%B4%D0%B8-p05029215.html,2025-12-02T13:11:18
ТРИКОТАЖНОЕ ПЛАТЬЕ С РЕМНЕМ,"T 28 990,00",https://www.zara.com/kz/ru/%D1%82%D1%80%D0%B8%D0%BA%D0%BE%D1%82%D0%B0%D0%B6%D0%BD%D0%BE%D0%B5-%D0%BF%D0%BB%D0%B0%D1%82%D1%8C%D0%B5-%D1%81-%D1%80%D0%B5%D0%BC%D0%BD%D0%B5%D0%BC-p03920836.html,2025-12-02T13:11:18
ПЛАТЬЕ ИЗ МЯГКОГО КРУЖЕВА,"T 24 990,00",https://www.zara.com/kz/ru/%D0%BF%D0%BB%D0%B0%D1%82%D1%8C%D0%B5-%D0%B8%D0%B7-%D0%BC%D1%8F%D0%B3%D0%BA%D0%BE%D0%B3%D0%BE-%D0%BA%D1%80%D1%83%D0%B6%D0%B5%D0%B2%D0%B0-p05063837.html,2025-12-02T13:11:18
ПЛАТЬЕ МИДИ КРОЯ ТРУБА С ЗАПАХОМ,"T 45 990,00",https://www.zara.com/kz/ru/%D0%BF%D0%BB%D0%B0%D1%82%D1%8C%D0%B5-%D0%BC%D0%B8%D0%B4%D0%B8-%D0%BA%D1%80%D0%BE%D1%8F-%D1%82%D1%80%D1%83%D0%B1%D0%B0-%D1%81-%D0%B7%D0%B0%D0%BF%D0%B0%D1%85%D0%BE%D0%BC-p09157696.html,2025-12-02T13:11:18
ПЛАТЬЕ ИЗ СТРУЯЩЕЙСЯ ТКАНИ С ГОРЛОВИНОЙ ХАЛТЕР И ОТКРЫТОЙ СПИНОЙ,"T 24 990,00",https://www.zara.com/kz/ru/%D0%BF%D0%BB%D0%B0%D1%82%D1%8C%D0%B5-%D0%B8%D0%B7-%D1%81%D1%82%D1%80%D1%83%D1%8F%D1%89%D0%B5%D0%B8%D1%81%D1%8F-%D1%82%D0%BA%D0%B0%D0%BD%D0%B8-%D1%81-%D0%B3%D0%BE%D1%80%D0%BB%D0%BE%D0%B2%D0%B8%D0%BD%D0%BE%D0%B8-%D1%85%D0%B0%D0%BB%D1%82%D0%B5%D1%80-%D0%B8-%D0%BE%D1%82%D0%BA%D1%80%D1%8B%D1%82%D0%BE%D0%B8-%D1%81%D0%BF%D0%B8%D0%BD%D0%BE%D0%B8-p03067216.html,2025-12-02T13:11:18
КОРОТКОЕ ПЛАТЬЕ-ХАЛТЕР В ПОЛОСКУ С ПОЯСОМ,"T 28 990,00",https://www.zara.com/kz/ru/%D0%BA%D0%BE%D1%80%D0%BE%D1%82%D0%BA%D0%BE%D0%B5-%D0%BF%D0%BB%D0%B0%D1%82%D1%8C%D0%B5-%D1%85%D0%B0%D0%BB%D1%82%D0%B5%D1%80-%D0%B2-%D0%BF%D0%BE%D0%BB%D0%BE%D1%81%D0%BA%D1%83-%D1%81-%D0%BF%D0%BE%D1%8F%D1%81%D0%BE%D0%BC-p08066246.html,2025-12-02T13:11:18
КОМБИНИРОВАННОЕ ПЛАТЬЕ ZW COLLECTION С ГОРЛОВИНОЙ ХАЛТЕР,"T 49 990,00",https://www.zara.com/kz/ru/%D0%BA%D0%BE%D0%BC%D0%B1%D0%B8%D0%BD%D0%B8%D1%80%D0%BE%D0%B2%D0%B0%D0%BD%D0%BD%D0%BE%D0%B5-%D0%BF%D0%BB%D0%B0%D1%82%D1%8C%D0%B5-zw-collection-%D1%81-%D0%B3%D0%BE%D1%80%D0%BB%D0%BE%D0%B2%D0%B8%D0%BD%D0%BE%D0%B8-%D1%85%D0%B0%D0%BB%D1%82%D0%B5%D1%80-p08647991.html,2025-12-02T13:11:18
ДЖИНСОВОЕ АСИММЕТРИЧНОЕ ПЛАТЬЕ TRF,"T 28 990,00",https://www.zara.com/kz/ru/%D0%B4%D0%B6%D0%B8%D0%BD%D1%81%D0%BE%D0%B2%D0%BE%D0%B5-%D0%B0%D1%81%D0%B8%D0%BC%D0%BC%D0%B5%D1%82%D1%80%D0%B8%D1%87%D0%BD%D0%BE%D0%B5-%D0%BF%D0%BB%D0%B0%D1%82%D1%8C%D0%B5-trf-p06929381.html,2025-12-02T13:11:18
КОРОТКОЕ ПЛАТЬЕ С ВОЛАНАМИ,"T 24 990,00",https://www.zara.com/kz/ru/%D0%BA%D0%BE%D1%80%D0%BE%D1%82%D0%BA%D0%BE%D0%B5-%D0%BF%D0%BB%D0%B0%D1%82%D1%8C%D0%B5-%D1%81-%D0%B2%D0%BE%D0%BB%D0%B0%D0%BD%D0%B0%D0%BC%D0%B8-p03152266.html,2025-12-02T13:11:18
ПЛАТЬЕ МИДИ В РУБЧИК,"T 15 990,00",https://www.zara.com/kz/ru/%D0%B4%D0%BB%D0%B8%D0%BD%D0%BD%D0%BE%D0%B5-%D0%BF%D0%BB%D0%B0%D1%82%D1%8C%D0%B5-%D0%B2-%D1%80%D1%83%D0%B1%D1%87%D0%B8%D0%BA-p03641733.html,2025-12-02T13:11:18
ДЛИННОЕ ПЛАТЬЕ ИЗ КРЕПА,"T 17 990,00",https://www.zara.com/kz/ru/%D0%B4%D0%BB%D0%B8%D0%BD%D0%BD%D0%BE%D0%B5-%D0%BF%D0%BB%D0%B0%D1%82%D1%8C%D0%B5-%D0%B8%D0%B7-%D0%BA%D1%80%D0%B5%D0%BF%D0%B0-p03641708.html,2025-12-02T13:11:18
МЯГКОЕ ПЛАТЬЕ СО СБОРКАМИ,"T 17 990,00",https://www.zara.com/kz/ru/%D0%BC%D1%8F%D0%B3%D0%BA%D0%BE%D0%B5-%D0%BF%D0%BB%D0%B0%D1%82%D1%8C%D0%B5-%D1%81%D0%BE-%D1%81%D0%B1%D0%BE%D1%80%D0%BA%D0%B0%D0%BC%D0%B8-p05039856.html,2025-12-02T13:11:18
КОРОТКОЕ ПЛАТЬЕ С ОБЪЕМНЫМИ ДЕТАЛЯМИ,"T 24 990,00",https://www.zara.com/kz/ru/%D0%BA%D0%BE%D1%80%D0%BE%D1%82%D0%BA%D0%BE%D0%B5-%D0%BF%D0%BB%D0%B0%D1%82%D1%8C%D0%B5-%D1%81-%D0%BE%D0%B1%D1%8A%D0%B5%D0%BC%D0%BD%D1%8B%D0%BC%D0%B8-%D0%B4%D0%B5%D1%82%D0%B0%D0%BB%D1%8F%D0%BC%D0%B8-p04772248.html,2025-12-02T13:11:18
ПЛАТЬЕ-МИДИ БЕЗ БРЕТЕЛЕЙ,"T 28 990,00",https://www.zara.com/kz/ru/%D0%BF%D0%BB%D0%B0%D1%82%D1%8C%D0%B5-%D0%BC%D0%B8%D0%B4%D0%B8-%D0%B1%D0%B5%D0%B7-%D0%B1%D1%80%D0%B5%D1%82%D0%B5%D0%BB%D0%B5%D0%B8-p03067271.html,2025-12-02T13:11:18
"ПЛАТЬЕ С БУСИНАМИ, ПРИНТОМ И МЕТАЛЛИЗИРОВАННОЙ НИТЬЮ","T 31 990,00",https://www.zara.com/kz/ru/%D0%BF%D0%BB%D0%B0%D1%82%D1%8C%D0%B5-%D1%81-%D0%B1%D1%83%D1%81%D0%B8%D0%BD%D0%B0%D0%BC%D0%B8--%D0%BF%D1%80%D0%B8%D0%BD%D1%82%D0%BE%D0%BC-%D0%B8-%D0%BC%D0%B5%D1%82%D0%B0%D0%BB%D0%BB%D0%B8%D0%B7%D0%B8%D1%80%D0%BE%D0%B2%D0%B0%D0%BD%D0%BD%D0%BE%D0%B8-%D0%BD%D0%B8%D1%82%D1%8C%D1%8E-p05770237.html,2025-12-02T13:11:18
КОРОТКОЕ ПЛАТЬЕ ХАЛТЕР С ПАЙЕТКАМИ,"T 19 990,00",https://www.zara.com/kz/ru/%D0%BA%D0%BE%D1%80%D0%BE%D1%82%D0%BA%D0%BE%D0%B5-%D0%BF%D0%BB%D0%B0%D1%82%D1%8C%D0%B5-%D1%85%D0%B0%D0%BB%D1%82%D0%B5%D1%80-%D1%81-%D0%BF%D0%B0%D0%B8%D0%B5%D1%82%D0%BA%D0%B0%D0%BC%D0%B8-p06050828.html,2025-12-02T13:11:18
КОРОТКОЕ ЖАККАРДОВОЕ ПЛАТЬЕ,"T 22 990,00",https://www.zara.com/kz/ru/%D0%BA%D0%BE%D1%80%D0%BE%D1%82%D0%BA%D0%BE%D0%B5-%D0%B6%D0%B0%D0%BA%D0%BA%D0%B0%D1%80%D0%B4%D0%BE%D0%B2%D0%BE%D0%B5-%D0%BF%D0%BB%D0%B0%D1%82%D1%8C%D0%B5-p05584199.html,2025-12-02T13:11:18
ДЛИННОЕ ПЛАТЬЕ БЕЗ РУКАВОВ,"T 24 990,00",https://www.zara.com/kz/ru/%D0%B4%D0%BB%D0%B8%D0%BD%D0%BD%D0%BE%D0%B5-%D0%BF%D0%BB%D0%B0%D1%82%D1%8C%D0%B5-%D0%B1%D0%B5%D0%B7-%D1%80%D1%83%D0%BA%D0%B0%D0%B2%D0%BE%D0%B2-p00858620.html,2025-12-02T13:11:18
ПЛАТЬЕ ИЗ МЯГКОЙ ТКАНИ С ПОЯСОМ,"T 24 990,00",https://www.zara.com/kz/ru/%D0%BF%D0%BB%D0%B0%D1%82%D1%8C%D0%B5-%D0%B8%D0%B7-%D0%BC%D1%8F%D0%B3%D0%BA%D0%BE%D0%B8-%D1%82%D0%BA%D0%B0%D0%BD%D0%B8-%D1%81-%D0%BF%D0%BE%D1%8F%D1%81%D0%BE%D0%BC-p00264462.html,2025-12-02T13:11:18
